0.0,10.0,0.0,0.0,3.141592653589793,-0.0,3.141592653589793
1.002004008016032,9.999497998184113,0.10019872410321995,0.0,3.141592653589793,0.0,-3.131572613509633
2.004008016032064,9.997992043137618,0.20038738821815003,0.0,3.141592653589793,0.0,-3.1215525734294727
3.006012024048096,9.995482286058946,0.30055593336652686,0.0,3.141592653589793,0.0,-3.1115325333493122
4.008016032064128,9.991968978928622,0.4006943025900386,0.0,3.141592653589793,0.0,-3.101512493269152
5.0100200400801596,9.987452474483955,0.5007924419600471,0.0,3.141592653589793,0.0,-3.091492453188992
6.012024048096192,9.981933226183635,0.6008403015870064,0.0,3.141592653589793,0.0,-3.0814724131088314
7.014028056112224,9.975411788162194,0.7008278366294749,0.0,3.141592653589793,0.0,-3.071452373028671
8.016032064128256,9.967888815174376,0.8007450083026207,0.0,3.141592653589793,0.0,-3.0614323329485105
9.018036072144287,9.959365062529406,0.9005817848861206,0.0,3.141592653589793,0.0,-3.0514122928683505
10.020040080160319,9.94984138601514,1.0003281427313468,0.0,3.141592653589793,0.0,-3.04139225278819
11.02204408817635,9.93931874181216,1.0999740672677465,0.0,3.141592653589793,0.0,-3.0313722127080296
12.024048096192384,9.927798186397768,1.199509554008307,0.0,3.141592653589793,0.0,-3.0213521726278696
13.026052104208416,9.915280876439908,1.2989246095540103,0.0,3.141592653589793,0.0,-3.011332132547709
14.028056112224448,9.90176806868105,1.3982092525971743,0.0,3.141592653589793,0.0,-3.0013120924675487
15.03006012024048,9.887261119811997,1.4973535149235793,0.0,3.141592653589793,0.0,-2.9912920523873883
16.03206412825651,9.871761486335688,1.5963474424132813,0.0,3.141592653589793,0.0,-2.9812720123072283
17.034068136272545,9.855270724420947,1.695181096040008,0.0,3.141592653589793,0.0,-2.971251972227068
18.036072144288575,9.837790489746265,1.7938445528690403,0.0,3.141592653589793,0.0,-2.9612319321469074
19.03807615230461,9.81932253733355,1.8923279070534813,0.0,3.141592653589793,0.0,-2.951211892066747
20.040080160320638,9.799868721371931,1.990621270828803,0.0,3.141592653589793,0.0,-2.941191851986587
21.04208416833667,9.779430995031595,2.0887147755055855,0.0,3.141592653589793,0.0,-2.9311718119064265
22.0440881763527,9.758011410267692,2.1865985724603325,0.0,3.141592653589793,0.0,-2.921151771826266
23.046092184368735,9.735612117614306,2.284262834124282,0.0,3.141592653589793,0.0,-2.911131731746106
24.04809619238477,9.712235365968558,2.381697754970093,0.0,3.141592653589793,0.0,-2.9011116916659456
25.0501002004008,9.687883502364805,2.478893552496326,0.0,3.141592653589793,0.0,-2.891091651585785
26.052104208416832,9.662558971738992,2.57584046820961,0.0,3.141592653589793,0.0,-2.8810716115056247
27.054108216432862,9.636264316683196,2.6725287686043995,0.0,3.141592653589793,0.0,-2.8710515714254647
28.056112224448896,9.60900217719033,2.768948746140219,0.0,3.141592653589793,0.0,-2.8610315313453043
29.058116232464926,9.580775290389102,2.865090720216306,0.0,3.141592653589793,0.0,-2.851011491265144
30.06012024048096,9.5515864902692,2.9609450381435476,0.0,3.141592653589793,0.0,-2.840991451184984
31.06212424849699,9.521438707396754,3.0565020761136115,0.0,3.141592653589793,0.0,-2.8309714111048234
32.06412825651302,9.490334968620115,3.1517522401651816,0.0,3.141592653589793,0.0,-2.820951371024663
33.06613226452905,9.458278396765952,3.246685967147193,0.0,3.141592653589793,0.0,-2.8109313309445025
34.06813627254509,9.42527221032572,3.341293725678981,0.0,3.141592653589793,0.0,-2.800911290864342
35.07014028056112,9.391319723132526,3.4355660171072278,0.0,3.141592653589793,0.0,-2.790891250784182
36.07214428857715,9.356424344028415,3.5294933764596377,0.0,3.141592653589793,0.0,-2.7808712107040217
37.07414829659318,9.32058957652212,3.623066373395218,0.0,3.141592653589793,0.0,-2.770851170623861
38.07615230460922,9.283819018437319,3.716275613151095,0.0,3.141592653589793,0.0,-2.760831130543701
39.07815631262525,9.24611636155139,3.8091117374857437,0.0,3.141592653589793,0.0,-2.7508110904635408
40.080160320641276,9.207485391224784,3.901565425618566,0.0,3.141592653589793,0.0,-2.7407910503833803
41.08216432865731,9.167929986020948,3.9936273951656966,0.0,3.141592653589793,0.0,-2.73077101030322
42.08416833667334,9.127454117316931,4.0852884030719565,0.0,3.141592653589793,0.0,-2.72075097022306
43.08617234468937,9.086061848904649,4.176539246538863,0.0,3.141592653589793,0.0,-2.7107309301428995
44.0881763527054,9.043757336582887,4.267370763948594,0.0,3.141592653589793,0.0,-2.700710890062739
45.09018036072144,9.000544827740043,4.357773835783812,0.0,3.141592653589793,0.0,-2.690690849982579
46.09218436873747,8.9564286609277,4.447739385543271,0.0,3.141592653589793,0.0,-2.6806708099024186
47.0941883767535,8.911413265425029,4.537258380653104,0.0,3.141592653589793,0.0,-2.670650769822258
48.09619238476954,8.865503160794084,4.626321833373691,0.0,3.141592653589793,0.0,-2.6606307297420977
49.09819639278557,8.818702956426046,4.714920801702031,0.0,3.141592653589793,0.0,-2.6506106896619377
50.1002004008016,8.771017351078429,4.803046390269527,0.0,3.141592653589793,0.0,-2.6405906495817772
51.10220440881763,8.722451132403329,4.890689751235083,0.0,3.141592653589793,0.0,-2.630570609501617
52.104208416833664,8.673009176466739,4.977842085173428,0.0,3.141592653589793,0.0,-2.6205505694214564
53.106212424849694,8.622696447258992,5.064494641958581,0.0,3.141592653589793,0.0,-2.6105305293412964
54.108216432865724,8.57151799619637,5.1506387216423715,0.0,3.141592653589793,0.0,-2.600510489261136
55.110220440881754,8.51947896161395,5.236265675327912,0.0,3.141592653589793,0.0,-2.590490449180976
56.11222444889779,8.466584568249703,5.32136690603796,0.0,3.141592653589793,0.0,-2.5804704091008155
57.11422845691382,8.41284012671993,5.405933869578039,0.0,3.141592653589793,0.0,-2.570450369020655
58.11623246492985,8.358251032986082,5.489958075394301,0.0,3.141592653589793,0.0,-2.5604303289404946
59.11823647294589,8.302822767812994,5.573431087425965,0.0,3.141592653589793,0.0,-2.550410288860334
60.12024048096192,8.246560896218622,5.656344524952307,0.0,3.141592653589793,0.0,-2.540390248780174
61.12224448897795,8.189471066915303,5.738690063434087,0.0,3.141592653589793,0.0,-2.5303702087000137
62.12424849699398,8.131559011742636,5.820459435349337,0.0,3.141592653589793,0.0,-2.5203501686198533
63.126252505010015,8.072830545091993,5.901644431023417,0.0,3.141592653589793,0.0,-2.5103301285396933
64.12825651302605,8.013291563322753,5.98223689945328,0.0,3.141592653589793,0.0,-2.500310088459533
65.13026052104208,7.952948044170309,6.062228749125824,0.0,3.141592653589793,0.0,-2.4902900483793724
66.1322645290581,7.891806046145899,6.141611948830292,0.0,3.141592653589793,0.0,-2.4802700082992124
67.13426853707413,7.829871707928332,6.220378528464604,0.0,3.141592653589793,0.0,-2.470249968219052
68.13627254509018,7.7671512477476545,6.298520579835557,0.0,3.141592653589793,0.0,-2.4602299281388915
69.13827655310621,7.703650962760852,6.376030257452815,0.0,3.141592653589793,0.0,-2.450209888058731
70.14028056112224,7.639377228419596,6.452899779316592,0.0,3.141592653589793,0.0,-2.440189847978571
71.14228456913827,7.574336497830157,6.52912142769898,0.0,3.141592653589793,0.0,-2.4301698078984106
72.1442885771543,7.508535301105509,6.6046875499188,0.0,3.141592653589793,0.0,-2.42014976781825
73.14629258517033,7.441980244709701,6.679590559109931,0.0,3.141592653589793,0.0,-2.41012972773809
74.14829659318636,7.3746780107945655,6.753822934983055,0.0,3.141592653589793,0.0,-2.4001096876579298
75.1503006012024,7.306635356528828,6.827377224580671,0.0,3.141592653589793,0.0,-2.3900896475777693
76.15230460921843,7.23785911341969,6.900246043025389,0.0,3.141592653589793,0.0,-2.380069607497609
77.15430861723446,7.16835618662694,6.972422074261374,0.0,3.141592653589793,0.0,-2.3700495674174484
78.1563126252505,7.098133554269667,7.043898071788877,0.0,3.141592653589793,0.0,-2.3600295273372884
79.15831663326652,7.027198266725666,7.114666859391789,0.0,3.141592653589793,0.0,-2.350009487257128
80.16032064128255,6.955557445923564,7.18472133185813,0.0,3.141592653589793,0.0,-2.3399894471769676
81.16232464929858,6.883218284627791,7.254054455693426,0.0,3.141592653589793,0.0,-2.3299694070968076
82.16432865731463,6.810188045716411,7.322659269826863,0.0,3.141592653589793,0.0,-2.319949367016647
83.16633266533066,6.736474061451937,7.390528886310184,0.0,3.141592653589793,0.0,-2.3099293269364867
84.16833667334669,6.662083732745158,7.457656491009246,0.0,3.141592653589793,0.0,-2.2999092868563262
85.17034068136272,6.587024528412092,7.52403534428816,0.0,3.141592653589793,0.0,-2.2898892467761662
86.17234468937875,6.511303984424117,7.589658781685947,0.0,3.141592653589793,0.0,-2.279869206696006
87.17434869739478,6.434929703151347,7.654520214585662,0.0,3.141592653589793,0.0,-2.2698491666158453
88.1763527054108,6.357909352599359,7.718613130875882,0.0,3.141592653589793,0.0,-2.2598291265356854
89.17835671342685,6.280250665639322,7.781931095604539,0.0,3.141592653589793,0.0,-2.249809086455525
90.18036072144288,6.201961439231609,7.8444677516249754,0.0,3.141592653589793,0.0,-2.2397890463753645
91.18236472945891,6.123049533642987,7.9062168202342145,0.0,3.141592653589793,0.0,-2.229769006295204
92.18436873747494,6.043522871657433,7.967172101803342,0.0,3.141592653589793,0.0,-2.219748966215044
93.18637274549097,5.963389437780694,8.027327476399954,0.0,3.141592653589793,0.0,-2.2097289261348836
94.188376753507,5.882657277438634,8.08667690440259,0.0,3.141592653589793,0.0,-2.199708886054723
95.19038076152303,5.8013344961694715,8.14521442710713,0.0,3.141592653589793,0.0,-2.189688845974563
96.19238476953907,5.719429258809978,8.202934167325028,0.0,3.141592653589793,0.0,-2.1796688058944023
97.1943887775551,5.636949788675735,8.259830329973406,0.0,3.141592653589793,0.0,-2.1696487658142423
98.19639278557113,5.553904366735496,8.315897202656872,0.0,3.141592653589793,0.0,-2.159628725734082
99.19839679358716,5.470301330779784,8.371129156241045,0.0,3.141592653589793,0.0,-2.149608685653922
100.2004008016032,5.386149074583773,8.425520645417727,0.0,3.141592653589793,0.0,-2.1395886455737614
101.20240480961922,5.301456047064547,8.479066209261653,0.0,3.141592653589793,0.0,-2.129568605493601
102.20440881763525,5.216230751432825,8.531760471778762,0.0,3.141592653589793,0.0,-2.1195485654134405
103.20641282565128,5.130481744339242,8.583598142445961,0.0,3.141592653589793,0.0,-2.1095285253332805
104.20841683366733,5.044217635015253,8.634574016742292,0.0,3.141592653589793,0.0,-2.09950848525312
105.21042084168336,4.957447084408765,8.684682976671459,0.0,3.141592653589793,0.0,-2.08948844517296
106.21242484969939,4.870178804314566,8.73391999127569,0.0,3.141592653589793,0.0,-2.079468405092799
107.21442885771542,4.782421556499678,8.782280117140832,0.0,3.141592653589793,0.0,-2.069448365012639
108.21643286573145,4.694184151823648,8.82975849889269,0.0,3.141592653589793,0.0,-2.0594283249324787
109.21843687374748,4.605475449353955,8.87635036968449,0.0,3.141592653589793,0.0,-2.0494082848523183
110.22044088176351,4.516304355476543,8.922051051675483,0.0,3.141592653589793,0.0,-2.0393882447721583
111.22244488977955,4.426679823001621,8.966855956500604,0.0,3.141592653589793,0.0,-2.029368204691998
112.22444889779558,4.3366108502647975,9.01076058573113,0.0,3.141592653589793,0.0,-2.0193481646118374
113.22645290581161,4.246106480223651,9.053760531326345,0.0,3.141592653589793,0.0,-2.009328124531677
114.22845691382764,4.155175799549801,9.095851476076094,0.0,3.141592653589793,0.0,-1.999308084451517
115.23046092184367,4.063827937716608,9.13702919403424,0.0,3.141592653589793,0.0,-1.9892880443713563
116.2324649298597,3.97207206608258,9.17728955094294,0.0,3.141592653589793,0.0,-1.979268004291196
117.23446893787573,3.8799173969705514,9.21662850464774,0.0,3.141592653589793,0.0,-1.969247964211036
118.23647294589178,3.787373182742766,9.255042105503406,0.0,3.141592653589793,0.0,-1.9592279241308757
119.2384769539078,3.694448714871945,9.292526496770458,0.0,3.141592653589793,0.0,-1.9492078840507152
120.24048096192384,3.601153323008413,9.329077915002397,0.0,3.141592653589793,0.0,-1.9391878439705548
121.24248496993987,3.507496374043391,9.36469269042356,0.0,3.141592653589793,0.0,-1.9291678038903946
122.2444889779559,3.413487271168574,9.399367247297562,0.0,3.141592653589793,0.0,-1.919147763810234
123.24649298597193,3.319135452932031,9.433098104286294,0.0,3.141592653589793,0.0,-1.909127723730074
124.24849699398796,3.2244503922905765,9.465881874799472,0.0,3.141592653589793,0.0,-1.8991076836499137
125.250501002004,3.129441595658688,9.497715267334623,0.0,3.141592653589793,0.0,-1.8890876435697532
126.25250501002003,3.034118601954056,9.528595085807579,0.0,3.141592653589793,0.0,-1.879067603489593
127.25450901803606,2.9384909816398643,9.558518229873352,0.0,3.141592653589793,0.0,-1.8690475634094328
128.2565130260521,2.8425683357639198,9.587481695237406,0.0,3.141592653589793,0.0,-1.8590275233292723
129.25851703406812,2.7463602949947106,9.615482573957303,0.0,3.141592653589793,0.0,-1.849007483249112
130.26052104208415,2.6498765186544686,9.64251805473465,0.0,3.141592653589793,0.0,-1.8389874431689517
131.26252505010018,2.553126693749376,9.668585423197356,0.0,3.141592653589793,0.0,-1.8289674030887912
132.2645290581162,2.4561205339969954,9.693682062172162,0.0,3.141592653589793,0.0,-1.8189473630086312
133.26653306613224,2.3588677788509917,9.717805451947399,0.0,3.141592653589793,0.0,-1.8089273229284708
134.26853707414827,2.2613781925233063,9.740953170525975,0.0,3.141592653589793,0.0,-1.7989072828483106
135.2705410821643,2.16366156300381,9.763122893868534,0.0,3.141592653589793,0.0,-1.7888872427681504
136.27254509018036,2.065727701077591,9.784312396126806,0.0,3.141592653589793,0.0,-1.7788672026879897
137.2745490981964,1.9675864393399625,9.804519549867067,0.0,3.141592653589793,0.0,-1.7688471626078293
138.27655310621242,1.8692476312092396,9.823742326283739,0.0,3.141592653589793,0.0,-1.758827122527669
139.27855711422845,1.7707211499374766,9.841978795403092,0.0,3.141592653589793,0.0,-1.7488070824475088
140.28056112224448,1.6720168876191743,9.859227126277002,0.0,3.141592653589793,0.0,-1.7387870423673486
141.2825651302605,1.5731447541981143,9.875485587166787,0.0,3.141592653589793,0.0,-1.7287670022871882
142.28456913827654,1.4741146764724042,9.890752545717067,0.0,3.141592653589793,0.0,-1.718746962207028
143.28657314629257,1.3749365970978111,9.905026469119662,0.0,3.141592653589793,0.0,-1.7087269221268675
144.2885771543086,1.2756204735895216,9.918305924267473,0.0,3.141592653589793,0.0,-1.698706882046707
145.29058116232463,1.1761762773224094,9.930589577898383,0.0,3.141592653589793,0.0,-1.688686841966547
146.29258517034066,1.0766139925298932,9.941876196729108,0.0,3.141592653589793,0.0,-1.6786668018863868
147.2945891783567,0.9769436153015232,9.952164647579018,0.0,3.141592653589793,0.0,-1.6686467618062264
148.29659318637272,0.8771751525793753,9.961453897483908,0.0,3.141592653589793,0.0,-1.6586267217260662
149.29859719438875,0.7773186211533358,9.969743013799718,0.0,3.141592653589793,0.0,-1.6486066816459055
150.3006012024048,0.6773840466554283,9.977031164296156,0.0,3.141592653589793,0.0,-1.6385866415657453
151.30260521042084,0.577381462553226,9.983317617240267,0.0,3.141592653589793,0.0,-1.6285666014855849
152.30460921843687,0.4773209091424936,9.988601741469893,0.0,3.141592653589793,0.0,-1.6185465614054246
153.3066132264529,0.37721243253913117,9.99288300645704,0.0,3.141592653589793,0.0,-1.6085265213252644
154.30861723446893,0.2770660836705446,9.996160982361152,0.0,3.141592653589793,0.0,-1.598506481245104
155.31062124248496,0.17689191726653553,9.998435340072254,0.0,3.141592653589793,0.0,-1.5884864411649438
156.312625250501,0.07669999084978979,9.999705851244007,0.0,3.141592653589793,0.0,-1.5784664010847835
157.31462925851702,-0.02349963627389519,9.999972388316628,0.0,-3.141592653589793,-0.0,-1.568446361004623
158.31663326653305,-0.12369690402556151,9.9992349245297,0.0,-3.141592653589793,-0.0,-1.5584263209244629
159.31863727454908,-0.22388175256313975,9.997493533924853,0.0,-3.141592653589793,-0.0,-1.5484062808443027
160.3206412825651,-0.32404412329145404,9.994748391338337,0.0,-3.141592653589793,-0.0,-1.5383862407641422
161.32264529058114,-0.4241739598721022,9.990999772383462,0.0,-3.141592653589793,-0.0,-1.528366200683982
162.32464929859717,-0.524261209233131,9.986248053422939,0.0,-3.141592653589793,-0.0,-1.5183461606038215
163.3266533066132,-0.6242958225783509,9.98049371153107,0.0,-3.141592653589793,-0.0,-1.5083261205236613
164.32865731462925,-0.7242677563962583,9.973737324445874,0.0,-3.141592653589793,-0.0,-1.4983060804435007
165.33066132264528,-0.8241669734683812,9.965979570511067,0.0,-3.141592653589793,-0.0,-1.4882860403633402
166.3326653306613,-0.9239834438770491,9.957221228607965,0.0,-3.141592653589793,-0.0,-1.4782660002831802
167.33466933867734,-1.0237071460123843,9.947463178077271,0.0,-3.141592653589793,-0.0,-1.4682459602030196
168.33667334669337,-1.1233280675784703,9.936706398630808,0.0,-3.141592653589793,-0.0,-1.4582259201228596
169.3386773547094,-1.222836206598604,9.924951970253133,0.0,-3.141592653589793,-0.0,-1.4482058800426993
170.34068136272543,-1.322221572419491,9.912201073093126,0.0,-3.141592653589793,-0.0,-1.4381858399625387
171.34268537074146,-1.4214741867143041,9.898454987345495,0.0,-3.141592653589793,-0.0,-1.4281657998823785
172.3446893787575,-1.5205840844845238,9.88371509312224,0.0,-3.141592653589793,-0.0,-1.4181457598022182
173.34669338677352,-1.6195413150604216,9.867982870314092,0.0,-3.141592653589793,-0.0,-1.4081257197220578
174.34869739478955,-1.7183359431001042,9.851259898441938,0.0,-3.141592653589793,-0.0,-1.3981056796418978
175.35070140280558,-1.8169580495870412,9.833547856498226,0.0,-3.141592653589793,-0.0,-1.3880856395617374
176.3527054108216,-1.9153977328259195,9.814848522778398,0.0,-3.141592653589793,-0.0,-1.378065599481577
177.35470941883764,-2.013645109436793,9.795163774702354,0.0,-3.141592653589793,-0.0,-1.368045559401417
178.3567134268537,-2.1116903153473734,9.774495588625948,0.0,-3.141592653589793,-0.0,-1.358025519321256
179.35871743486973,-2.20952350678337,9.752846039642568,0.0,-3.141592653589793,-0.0,-1.348005479241096
180.36072144288576,-2.3071348612568388,9.730217301374793,0.0,-3.141592653589793,-0.0,-1.3379854391609354
181.3627254509018,-2.404514578552336,9.706611645756169,0.0,-3.141592653589793,-0.0,-1.3279653990807754
182.36472945891782,-2.501652881710881,9.682031442803087,0.0,-3.141592653589793,-0.0,-1.3179453590006152
183.36673346693385,-2.598540018011562,9.656479160376854,0.0,-3.141592653589793,-0.0,-1.3079253189204545
184.36873747494988,-2.6951662599507005,9.629957363935905,0.0,-3.141592653589793,-0.0,-1.2979052788402945
185.3707414829659,-2.791521906218517,9.602468716278233,0.0,-3.141592653589793,-0.0,-1.287885238760134
186.37274549098194,-2.8875972826731333,9.574015977274048,0.0,-3.141592653589793,-0.0,-1.2778651986799738
187.37474949899797,-2.9833827433118576,9.544602003588679,0.0,-3.141592653589793,-0.0,-1.2678451585998134
188.376753507014,-3.078868671239656,9.514229748395767,0.0,-3.141592653589793,-0.0,-1.2578251185196534
189.37875751503003,-3.1740454796346884,9.48290226108076,0.0,-3.141592653589793,-0.0,-1.247805078439493
190.38076152304606,-3.2689036127108224,9.450622686934768,0.0,-3.141592653589793,-0.0,-1.2377850383593327
191.3827655310621,-3.3634335466770504,9.417394266838755,0.0,-3.141592653589793,-0.0,-1.2277649982791723
192.38476953907815,-3.457625790693669,9.383220336938166,0.0,-3.141592653589793,-0.0,-1.2177449581990119
193.38677354709418,-3.5514708878251704,9.348104328307974,0.0,-3.141592653589793,-0.0,-1.2077249181188512
194.3887775551102,-3.6449594159897187,9.312049766608203,0.0,-3.141592653589793,-0.0,-1.197704878038691
195.39078156312624,-3.738081988905135,9.275060271729938,0.0,-3.141592653589793,-0.0,-1.1876848379585307
196.39278557114227,-3.8308292570312794,9.237139557431899,0.0,-3.141592653589793,-0.0,-1.1776647978783705
197.3947895791583,-3.9231919085087466,9.198291430967574,0.0,-3.141592653589793,-0.0,-1.16764475779821
198.39679358717433,-4.015160670093784,9.15851979270297,0.0,-3.141592653589793,-0.0,-1.15762471771805
199.39879759519036,-4.106726308089331,9.117828635725008,0.0,-3.141592653589793,-0.0,-1.1476046776378896
200.4008016032064,-4.197879629272075,9.076222045440632,0.0,-3.141592653589793,-0.0,-1.1375846375577292
201.40280561122242,-4.288611481815465,9.033704199166618,0.0,-3.141592653589793,-0.0,-1.127564597477569
202.40480961923845,-4.3789127562085515,8.990279365710169,0.0,-3.141592653589793,-0.0,-1.117544557397409
203.40681362725448,-4.468774386170597,8.945951904940335,0.0,-3.141592653589793,-0.0,-1.1075245173172483
204.4088176352705,-4.558187349561312,8.90072626735028,0.0,-3.141592653589793,-0.0,-1.097504477237088
205.41082164328654,-4.647142669286698,8.85460699361044,0.0,-3.141592653589793,-0.0,-1.0874844371569279
206.41282565130257,-4.735631414200353,8.807598714112647,0.0,-3.141592653589793,-0.0,-1.0774643970767674
207.41482965931863,-4.823644700000148,8.759706148505238,0.0,-3.141592653589793,-0.0,-1.0674443569966072
208.41683366733466,-4.911173690120226,8.710934105219192,0.0,-3.141592653589793,-0.0,-1.0574243169164468
209.4188376753507,-4.998209596618188,8.661287480985367,0.0,-3.141592653589793,-0.0,-1.0474042768362863
210.42084168336672,-5.084743681057409,8.61077126034287,0.0,-3.141592653589793,-0.0,-1.0373842367561263
211.42284569138275,-5.170767255384392,8.559390515138595,0.0,-3.141592653589793,-0.0,-1.027364196675966
212.42484969939878,-5.256271682801029,8.507150404018024,0.0,-3.141592653589793,-0.0,-1.0173441565958055
213.4268537074148,-5.341248378631755,8.454056171907284,0.0,-3.141592653589793,-0.0,-1.0073241165156448
214.42885771543084,-5.42568881118544,8.400113149486566,0.0,-3.141592653589793,-0.0,-0.997304076435485
215.43086172344687,-5.509584502611999,8.345326752654907,0.0,-3.141592653589793,-0.0,-0.9872840363553246
216.4328657314629,-5.59292702975354,8.289702481986446,0.0,-3.141592653589793,-0.0,-0.977263996275164
217.43486973947893,-5.675708024990065,8.233245922178163,0.0,-3.141592653589793,-0.0,-0.967243956195004
218.43687374749496,-5.7579191770795966,8.175962741489165,0.0,-3.141592653589793,-0.0,-0.9572239161148437
219.438877755511,-5.839552231992603,8.117858691171595,0.0,-3.141592653589793,-0.0,-0.947203876034683
220.44088176352702,-5.92059899374072,8.058939604893213,0.0,-3.141592653589793,-0.0,-0.9371838359545233
221.44288577154308,-6.001051325199647,7.999211398151669,0.0,-3.141592653589793,-0.0,-0.9271637958743623
222.4448897795591,-6.080901148926069,7.938680067680623,0.0,-3.141592653589793,-0.0,-0.9171437557942023
223.44689378757514,-6.160140447968697,7.877351690847631,0.0,-3.141592653589793,-0.0,-0.9071237157140419
224.44889779559117,-6.2387612666731265,7.815232425044001,0.0,-3.141592653589793,-0.0,-0.8971036756338813
225.4509018036072,-6.3167557114806,7.752328507066585,0.0,-3.141592653589793,-0.0,-0.8870836355537214
226.45290581162322,-6.394115951720543,7.688646252491585,0.0,-3.141592653589793,-0.0,-0.8770635954735609
227.45490981963925,-6.470834220396734,7.624192055040494,0.0,-3.141592653589793,-0.0,-0.8670435553934006
228.45691382765528,-6.546902814967134,7.558972385938145,0.0,-3.141592653589793,-0.0,-0.8570235153132404
229.45891783567131,-6.6223140981172275,7.492993793262999,0.0,-3.141592653589793,-0.0,-0.8470034752330801
230.46092184368734,-6.697060498526795,7.426262901289721,0.0,-3.141592653589793,-0.0,-0.8369834351529196
231.46292585170337,-6.771134511630087,7.358786409824107,0.0,-3.141592653589793,-0.0,-0.8269633950727596
232.4649298597194,-6.844528700369291,7.2905710935304,0.0,-3.141592653589793,-0.0,-0.8169433549925993
233.46693386773543,-6.917235695941201,7.221623801251131,0.0,-3.141592653589793,-0.0,-0.8069233149124386
234.46893787575146,-6.9892481985370525,7.151951455319489,0.0,-3.141592653589793,-0.0,-0.7969032748322786
235.47094188376752,-7.06055897807544,7.081561050864301,0.0,-3.141592653589793,-0.0,-0.7868832347521177
236.47294589178355,-7.131160874928186,7.010459655107749,0.0,-3.141592653589793,-0.0,-0.7768631946719579
237.47494989979958,-7.201046800639217,6.938654406655781,0.0,-3.141592653589793,-0.0,-0.7668431545917974
238.4769539078156,-7.270209738636206,6.866152514781422,0.0,-3.141592653589793,-0.0,-0.756823114511637
239.47895791583164,-7.338642744935062,6.792961258700949,0.0,-3.141592653589793,-0.0,-0.7468030744314765
240.48096192384767,-7.406338948837093,6.719087986843055,0.0,-3.141592653589793,-0.0,-0.7367830343513165
241.4829659318637,-7.473291553618849,6.644540116111059,0.0,-3.141592653589793,-0.0,-0.7267629942711563
242.48496993987973,-7.539493837214493,6.569325131138257,0.0,-3.141592653589793,-0.0,-0.7167429541909955
243.48697394789576,-7.604939152890703,6.493450583536465,0.0,-3.141592653589793,-0.0,-0.7067229141108358
244.4889779559118,-7.669620929914024,6.416924091137806,0.0,-3.141592653589793,-0.0,-0.6967028740306752
245.49098196392782,-7.733532674210549,6.339753337229914,0.0,-3.141592653589793,-0.0,-0.6866828339505147
246.49298597194385,-7.796667969017936,6.261946069784514,0.0,-3.141592653589793,-0.0,-0.6766627938703548
247.49498997995988,-7.859020475529663,6.1835101006795075,0.0,-3.141592653589793,-0.0,-0.6666427537901943
248.4969939879759,-7.92058393353143,6.104453304914682,0.0,-3.141592653589793,-0.0,-0.6566227137100339
249.49899799599197,-7.981352162029692,6.024783619821044,0.0,-3.141592653589793,-0.0,-0.6466026736298734
250.501002004008,-8.04131905987224,5.94450904426391,0.0,-3.141592653589793,-0.0,-0.636582633549713
251.50300601202403,-8.10047860636075,5.863637637839824,0.0,-3.141592653589793,-0.0,-0.6265625934695528
252.50501002004006,-8.158824861855273,5.782177520067356,0.0,-3.141592653589793,-0.0,-0.6165425533893926
253.5070140280561,-8.216351968370565,5.700136869571917,0.0,-3.141592653589793,-0.0,-0.6065225133092321
254.50901803607212,-8.273054150164237,5.617523923264615,0.0,-3.141592653589793,-0.0,-0.5965024732290721
255.51102204408815,-8.32892571431665,5.534346975515257,0.0,-3.141592653589793,-0.0,-0.5864824331489117
256.5130260521042,-8.383961051302467,5.450614377319608,0.0,-3.141592653589793,-0.0,-0.5764623930687512
257.51503006012024,-8.43815463555387,5.366334535460936,0.0,-3.141592653589793,-0.0,-0.5664423529885908
258.51703406813624,-8.491501026015314,5.281515911665976,0.0,-3.141592653589793,-0.0,-0.5564223129084308
259.5190380761523,-8.543994866689825,5.196167021755355,0.0,-3.141592653589793,-0.0,-0.5464022728282706
260.5210420841683,-8.595630887176736,5.110296434788621,0.0,-3.141592653589793,-0.0,-0.5363822327481103
261.52304609218436,-8.646403903200838,5.023912772203884,0.0,-3.141592653589793,-0.0,-0.5263621926679494
262.52505010020036,-8.696308817132877,4.937024706952255,0.0,-3.141592653589793,-0.0,-0.5163421525877895
263.5270541082164,-8.745340618501375,4.849640962627027,0.0,-3.141592653589793,-0.0,-0.506322112507629
264.5290581162324,-8.793494384495663,4.761770312587876,0.0,-3.141592653589793,-0.0,-0.496302072427469
265.5310621242485,-8.840765280460152,4.67342157907997,0.0,-3.141592653589793,-0.0,-0.4862820323473086
266.5330661322645,-8.887148560379718,4.584603632348243,0.0,-3.141592653589793,-0.0,-0.4762619922671481
267.53507014028054,-8.93263956735621,4.495325389746805,0.0,-3.141592653589793,-0.0,-0.4662419521869878
268.53707414829654,-8.977233734076005,4.40559581484364,0.0,-3.141592653589793,-0.0,-0.4562219121068278
269.5390781563126,-9.020926583268572,4.315423916520647,0.0,-3.141592653589793,-0.0,-0.4462018720266674
270.5410821643286,-9.063713728155982,4.224818748069175,0.0,-3.141592653589793,-0.0,-0.4361818319465073
271.54308617234466,-9.105590872893352,4.13378940628103,0.0,-3.141592653589793,-0.0,-0.42616179186634645
272.5450901803607,-9.146553813000137,4.0423450305352,0.0,-3.141592653589793,-0.0,-0.41614175178618595
273.5470941883767,-9.186598435782274,3.950494801880221,0.0,-3.141592653589793,-0.0,-0.406121711706026
274.5490981963928,-9.225720720745098,3.8582479421123983,0.0,-3.141592653589793,-0.0,-0.39610167162586546
275.5511022044088,-9.263916739996983,3.765613712849963,0.0,-3.141592653589793,-0.0,-0.38608163154570546
276.55310621242484,-9.301182658643729,3.6726014146031645,0.0,-3.141592653589793,-0.0,-0.37606159146554463
277.55511022044084,-9.337514735173567,3.579220385840542,0.0,-3.141592653589793,-0.0,-0.36604155138538463
278.5571142284569,-9.37290932183282,3.485480002051285,0.0,-3.141592653589793,-0.0,-0.3560215113052242
279.5591182364729,-9.407362864992132,3.391389674803979,0.0,-3.141592653589793,-0.0,-0.3460014712250642
280.56112224448896,-9.440871905503258,3.2969588508016425,0.0,-3.141592653589793,-0.0,-0.3359814311449038
281.56312625250496,-9.473433079046359,3.2021970109333084,0.0,-3.141592653589793,-0.0,-0.32596139106474376
282.565130260521,-9.50504311646779,3.107113669322103,0.0,-3.141592653589793,-0.0,-0.31594135098458287
283.567134268537,-9.53569884410831,3.011718372370073,0.0,-3.141592653589793,-0.0,-0.30592131090442287
284.5691382765531,-9.565397184121732,2.9160206977996643,0.0,-3.141592653589793,-0.0,-0.2959012708242623
285.57114228456913,-9.594135154783933,2.8200302536921646,0.0,-3.141592653589793,-0.0,-0.285881230744102
286.57314629258514,-9.621909870792217,2.723756677523027,0.0,-3.141592653589793,-0.0,-0.27586119066394205
287.5751503006012,-9.64871854355502,2.62720963519425,0.0,-3.141592653589793,-0.0,-0.26584115058378105
288.5771543086172,-9.674558481471848,2.530398820063966,0.0,-3.141592653589793,-0.0,-0.2558211105036211
289.57915831663325,-9.69942709020356,2.4333339519731596,0.0,-3.141592653589793,-0.0,-0.2458010704234606
290.58116232464926,-9.7233218729328,2.3360247762698476,0.0,-3.141592653589793,-0.0,-0.23578103034330067
291.5831663326653,-9.746240430614709,2.238481062830602,0.0,-3.141592653589793,-0.0,-0.22576099026314025
292.5851703406813,-9.768180462217767,2.140712605079687,0.0,-3.141592653589793,-0.0,-0.21574095018298023
293.5871743486974,-9.789139764954841,2.0427292190057553,0.0,-3.141592653589793,-0.0,-0.20572091010281934
294.5891783567134,-9.809116234504318,1.944540742176371,0.0,-3.141592653589793,-0.0,-0.19570087002265935
295.59118236472943,-9.828107865221401,1.8461570327502543,0.0,-3.141592653589793,-0.0,-0.1856808299424989
296.59318637274544,-9.84611275033947,1.747587968487572,0.0,-3.141592653589793,-0.0,-0.17566078986233893
297.5951903807615,-9.863129082161521,1.64884344575816,0.0,-3.141592653589793,-0.0,-0.16564074978217802
298.5971943887775,-9.879155152241655,1.5499333785479803,0.0,-3.141592653589793,-0.0,-0.15562070970201805
299.59919839679355,-9.894189351556621,1.450867697463689,0.0,-3.141592653589793,-0.0,-0.14560066962185758
300.6012024048096,-9.908230170667343,1.35165634873565,0.0,-3.141592653589793,-0.0,-0.13558062954169717
301.6032064128256,-9.921276199870485,1.2523092932193114,0.0,-3.141592653589793,-0.0,-0.12556058946153714
302.6052104208417,-9.93332612933998,1.1528365053951146,0.0,-3.141592653589793,-0.0,-0.11554054938137627
303.6072144288577,-9.944378749258526,1.0532479723671007,0.0,-3.141592653589793,-0.0,-0.10552050930121629
304.60921843687373,-9.954432949939077,0.9535536928601408,0.0,-3.141592653589793,-0.0,-0.0955004692210558
305.61122244488973,-9.963487721936227,0.8537636762161133,0.0,-3.141592653589793,-0.0,-0.08548042914089583
306.6132264529058,-9.971542156147583,0.7538879413889215,0.0,-3.141592653589793,-0.0,-0.07546038906073539
307.6152304609218,-9.978595443905022,0.6539365159386235,0.0,-3.141592653589793,-0.0,-0.0654403489805754
308.61723446893785,-9.984646877055894,0.5539194350246216,0.0,-3.141592653589793,-0.0,-0.05542030890041451
309.61923847695385,-9.98969584803411,0.45384674039818107,0.0,-3.141592653589793,-0.0,-0.045400268820254525
310.6212424849699,-9.993741849921154,0.3537284793941733,0.0,-3.141592653589793,-0.0,-0.035380228740094076
311.6232464929859,-9.996784476496964,0.25357470392237247,0.0,-3.141592653589793,-0.0,-0.025360188659934065
312.625250501002,-9.998823422280728,0.15339546945820096,0.0,-3.141592653589793,-0.0,-0.015340148579773628
313.62725450901803,-9.99985848256155,0.0532008340331816,0.0,-3.141592653589793,-0.0,-0.005320108499612741
314.62925851703403,-9.999889553418999,-0.046999142774887155,0.0,3.141592653589793,-0.0,0.004699931580547256
315.6312625250501,-9.998916631733552,-0.1471944008519567,0.0,3.141592653589793,-0.0,0.014719971660707694
316.6332665330661,-9.996939815186899,-0.24737488055771864,0.0,3.141592653589793,-0.0,0.024740011740867696
317.63527054108215,-9.993959302252138,-0.34753052373563603,0.0,3.141592653589793,-0.0,0.034760051821028135
318.63727454909815,-9.98997539217385,-0.4476512747227507,0.0,3.141592653589793,-0.0,0.04478009190118814
319.6392785571142,-9.984988484938057,-0.5477270813593152,0.0,3.141592653589793,-0.0,0.05480013198134902
320.6412825651302,-9.978999081232056,-0.6477478959979804,0.0,3.141592653589793,-0.0,0.064820172061509
321.64328657314627,-9.972007782394149,-0.7477036765126445,0.0,3.141592653589793,-0.0,0.07484021214166946
322.64529058116227,-9.964015290353284,-0.8475843873066331,0.0,3.141592653589793,-0.0,0.08486025222182944
323.64729458917833,-9.955022407558562,-0.9473800003203215,0.0,3.141592653589793,-0.0,0.09488029230199031
324.64929859719433,-9.945030036898682,-1.047080496037902,0.0,3.141592653589793,-0.0,0.10490033238215034
325.6513026052104,-9.93403918161129,-1.146675864493409,0.0,3.141592653589793,-0.0,0.11492037246231077
326.6533066132264,-9.922050945182244,-1.2461561062756694,0.0,3.141592653589793,-0.0,0.12494041254247078
327.65531062124245,-9.909066531234838,-1.3455112335322887,0.0,3.141592653589793,-0.0,0.13496045262263123
328.6573146292585,-9.895087243408947,-1.4447312709724063,0.0,3.141592653589793,-0.0,0.1449804927027921
329.6593186372745,-9.880114485230147,-1.543806256868216,0.0,3.141592653589793,-0.0,0.15500053278295212
330.66132264529057,-9.864149759968793,-1.6427262440551649,0.0,3.141592653589793,-0.0,0.16502057286311256
331.66332665330657,-9.847194670489106,-1.7414813009306054,0.0,3.141592653589793,-0.0,0.17504061294327258
332.6653306613226,-9.82925091908822,-1.84006151245097,0.0,3.141592653589793,-0.0,0.18506065302343302
333.66733466933863,-9.8103203073253,-1.9384569811272119,0.0,3.141592653589793,-0.0,0.19508069310359305
334.6693386773547,-9.790404735840635,-2.036657828018553,0.0,3.141592653589793,-0.0,0.20510073318375394
335.6713426853707,-9.769506204164841,-2.134654193724285,0.0,3.141592653589793,-0.0,0.2151207732639139
336.67334669338675,-9.747626810518085,-2.2324362393737127,0.0,3.141592653589793,-0.0,0.22514081334407426
337.67535070140275,-9.724768751599434,-2.329994147613933,0.0,3.141592653589793,-0.0,0.23516085342423432
338.6773547094188,-9.700934322366306,-2.427318123595536,0.0,3.141592653589793,-0.0,0.24518089350439476
339.6793587174348,-9.676125915804056,-2.524398395955979,0.0,3.141592653589793,-0.0,0.25520093358455476
340.68136272545087,-9.650346022685707,-2.6212252178006716,0.0,3.141592653589793,-0.0,0.26522097366471553
341.68336673346687,-9.623597231321893,-2.717788867681519,0.0,3.141592653589793,-0.0,0.2752410137448756
342.6853707414829,-9.595882227300981,-2.8140796505730172,0.0,3.141592653589793,-0.0,0.28526105382503614
343.687374749499,-9.567203793219441,-2.9100878988455863,0.0,3.141592653589793,-0.0,0.2952810939051965
344.689378757515,-9.537564808402472,-3.0058039732362296,0.0,3.141592653589793,-0.0,0.3053011339853565
345.69138276553105,-9.50696824861491,-3.101218263816329,0.0,3.141592653589793,-0.0,0.3153211740655174
346.69338677354705,-9.475417185762472,-3.1963211909564393,0.0,3.141592653589793,-0.0,0.32534121414567735
347.6953907815631,-9.442914787583327,-3.291103206288151,0.0,3.141592653589793,-0.0,0.33536125422583785
348.6973947895791,-9.409464317330055,-3.3855547936626933,0.0,3.141592653589793,-0.0,0.34538129430599784
349.69939879759517,-9.375069133442018,-3.479666470106399,0.0,3.141592653589793,-0.0,0.35540133438615834
350.70140280561117,-9.339732689208171,-3.5734287867727694,0.0,3.141592653589793,-0.0,0.3654213744663187
351.7034068136272,-9.303458532420347,-3.66683232989116,0.0,3.141592653589793,-0.0,0.3754414145464792
352.7054108216432,-9.266250305017065,-3.759867721711914,0.0,3.141592653589793,-0.0,0.38546145462663917
353.7074148296593,-9.228111742717866,-3.8525256214479144,0.0,3.141592653589793,-0.0,0.39548149470679955
354.7094188376753,-9.189046674648257,-3.944796726212367,0.0,3.141592653589793,-0.0,0.4055015347869596
355.71142284569135,-9.149059022955257,-4.036671771952855,0.0,3.141592653589793,-0.0,0.4155215748671205
356.7134268537074,-9.108152802413622,-4.128141534381407,0.0,3.141592653589793,-0.0,0.42554161494728093
357.7154308617234,-9.066332120022752,-4.219196829900655,0.0,3.141592653589793,-0.0,0.435561655027441
358.71743486973946,-9.023601174594344,-4.30982851652587,0.0,3.141592653589793,-0.0,0.4455816951076014
359.71943887775547,-8.97996425633084,-4.400027494802788,0.0,3.141592653589793,-0.0,0.4556017351877614
360.7214428857715,-8.935425746394678,-4.4897847087212455,0.0,3.141592653589793,-0.0,0.4656217752679222
361.7234468937875,-8.889990116468436,-4.579091146624352,0.0,3.141592653589793,-0.0,0.4756418153480823
362.7254509018036,-8.843661928305856,-4.667937842113318,0.0,3.141592653589793,-0.0,0.4856618554282426
363.7274549098196,-8.796445833273857,-4.756315874947644,0.0,3.141592653589793,-0.0,0.4956818955084028
364.72945891783564,-8.748346571885527,-4.844216371940742,0.0,3.141592653589793,-0.0,0.5057019355885631
365.73146292585164,-8.699368973324182,-4.931630507850784,0.0,3.141592653589793,-0.0,0.5157219756687231
366.7334669338677,-8.649517954958494,-5.018549506266789,0.0,3.141592653589793,-0.0,0.5257420157488841
367.7354709418837,-8.598798521848824,-5.104964640489732,0.0,3.141592653589793,-0.0,0.535762055829044
368.73747494989976,-8.54721576624467,-5.190867234408768,0.0,3.141592653589793,-0.0,0.5457820959092046
369.73947895791576,-8.494774867073433,-5.276248663372259,0.0,3.141592653589793,-0.0,0.5558021359893645
370.7414829659318,-8.441481089420428,-5.361100355053737,0.0,3.141592653589793,-0.0,0.5658221760695249
371.7434869739479,-8.387339784000288,-5.445413790312542,0.0,3.141592653589793,-0.0,0.5758422161496858
372.7454909819639,-8.332356386619747,-5.52918050404914,0.0,3.141592653589793,-0.0,0.5858622562298458
373.74749498997994,-8.276536417631865,-5.612392086055063,0.0,3.141592653589793,-0.0,0.5958822963100062
374.74949899799594,-8.219885481381803,-5.695040181857248,0.0,3.141592653589793,-0.0,0.6059023363901662
375.751503006012,-8.162409265644133,-5.7771164935568695,0.0,3.141592653589793,-0.0,0.6159223764703267
376.753507014028,-8.104113541051792,-5.8586127806624155,0.0,3.141592653589793,-0.0,0.6259424165504867
377.75551102204406,-8.045004160516692,-5.939520860917074,0.0,3.141592653589793,-0.0,0.6359624566306475
378.75751503006006,-7.98508705864212,-6.019832611120192,0.0,3.141592653589793,-0.0,0.6459824967108075
379.7595190380761,-7.924368251126854,-6.099539967942888,0.0,3.141592653589793,-0.0,0.656002536790968
380.7615230460921,-7.862853834161227,-6.178634928737584,0.0,3.141592653589793,-0.0,0.666022576871128
381.7635270541082,-7.800549983815034,-6.257109552341503,0.0,3.141592653589793,-0.0,0.6760426169512889
382.7655310621242,-7.737462955417488,-6.334955959873918,0.0,3.141592653589793,-0.0,0.6860626570314488
383.76753507014024,-7.673599082929144,-6.412166335527254,0.0,3.141592653589793,-0.0,0.6960826971116093
384.7695390781563,-7.608964778305996,-6.488732927351748,0.0,3.141592653589793,-0.0,0.7061027371917697
385.7715430861723,-7.543566530855705,-6.5646480480337726,0.0,3.141592653589793,-0.0,0.7161227772719297
386.77354709418836,-7.4774109065860594,-6.639904075667649,0.0,3.141592653589793,-0.0,0.7261428173520906
387.77555110220436,-7.410504547545771,-6.714493454520859,0.0,3.141592653589793,-0.0,0.7361628574322506
388.7775551102204,-7.342854171157578,-6.788408695792686,0.0,3.141592653589793,-0.0,0.7461828975124111
389.7795591182364,-7.274466569543846,-6.8616423783660565,0.0,3.141592653589793,-0.0,0.756202937592571
390.7815631262525,-7.2053486088446075,-6.934187149552649,0.0,3.141592653589793,-0.0,0.7662229776727314
391.7835671342685,-7.135507228528224,-7.006035725831083,0.0,3.141592653589793,-0.0,0.7762430177528914
392.78557114228454,-7.064949440694636,-7.077180893578216,0.0,3.141592653589793,-0.0,0.7862630578330523
393.78757515030054,-6.993682329371377,-7.147615509793357,0.0,3.141592653589793,-0.0,0.7962830979132124
394.7895791583166,-6.9217130498023005,-7.217332502815465,0.0,3.141592653589793,-0.0,0.8063031379933727
395.7915831663326,-6.849048827729217,-7.286324873033116,0.0,3.141592653589793,-0.0,0.8163231780735328
396.79358717434866,-6.7756969586664075,-7.354585693587287,0.0,3.141592653589793,-0.0,0.826343218153693
397.79559118236466,-6.701664807168171,-7.422108111066802,0.0,3.141592653589793,-0.0,0.836363258233853
398.7975951903807,-6.626959806089394,-7.4888853461964295,0.0,3.141592653589793,-0.0,0.8463832983140142
399.7995991983968,-6.551589455839329,-7.554910694517503,0.0,3.141592653589793,-0.0,0.8564033383941744
400.8016032064128,-6.4755613236285114,-7.62017752706107,0.0,3.141592653589793,-0.0,0.8664233784743345
401.80360721442884,-6.39888304270902,-7.684679291013447,0.0,3.141592653589793,-0.0,0.8764434185544949
402.80561122244484,-6.321562311608112,-7.748409510374107,0.0,3.141592653589793,-0.0,0.8864634586346555
403.8076152304609,-6.24360689335527,-7.811361786605876,0.0,3.141592653589793,-0.0,0.8964834987148157
404.8096192384769,-6.165024614702805,-7.873529799277356,0.0,3.141592653589793,-0.0,0.9065035387949755
405.81162324649296,-6.085823365340014,-7.934907306697511,0.0,3.141592653589793,-0.0,0.9165235788751366
406.81362725450896,-6.006011097101123,-7.995488146542284,0.0,3.141592653589793,-0.0,0.9265436189552961
407.815631262525,-5.925595823166828,-8.05526623647337,0.0,3.141592653589793,-0.0,0.9365636590354567
408.817635270541,-5.844585617259845,-8.114235574748822,0.0,3.141592653589793,-0.0,0.946583699115617
409.8196392785571,-5.762988612834268,-8.172390240825663,0.0,3.141592653589793,-0.0,0.9566037391957775
410.8216432865731,-5.680813002258983,-8.229724395954294,0.0,3.141592653589793,-0.0,0.9666237792759371
411.82364729458914,-5.598067035995113,-8.286232283764733,0.0,3.141592653589793,-0.0,0.9766438193560985
412.82565130260514,-5.514759021767754,-8.341908230844497,0.0,3.141592653589793,-0.0,0.9866638594362579
413.8276553106212,-5.430897323731765,-8.396746647308298,0.0,3.141592653589793,-0.0,0.9966838995164183
414.82965931863725,-5.346490361632094,-8.450742027359201,0.0,3.141592653589793,-0.0,1.006703939596579
415.83166332665326,-5.261546609958393,-8.50388894984144,0.0,3.141592653589793,-0.0,1.0167239796767393
416.8336673346693,-5.176074597094177,-8.556182078784694,0.0,3.141592653589793,-0.0,1.0267440197568998
417.8356713426853,-5.090082904460579,-8.607616163939827,0.0,3.141592653589793,-0.0,1.0367640598370602
418.8376753507014,-5.003580165654769,-8.658186041306008,0.0,3.141592653589793,-0.0,1.0467840999172209
419.8396793587174,-4.9165750655831495,-8.70788663364918,0.0,3.141592653589793,-0.0,1.0568041399973802
420.84168336673343,-4.829076339589349,-8.756712951011831,0.0,3.141592653589793,-0.0,1.0668241800775407
421.84368737474944,-4.741092772577241,-8.804660091213961,0.0,3.141592653589793,-0.0,1.0768442201577013
422.8456913827655,-4.65263319812891,-8.851723240345281,0.0,3.141592653589793,-0.0,1.0868642602378618
423.8476953907815,-4.563706497617756,-8.897897673248522,0.0,3.141592653589793,-0.0,1.0968843003180222
424.84969939879755,-4.474321599316806,-8.943178753993855,0.0,3.141592653589793,-0.0,1.1069043403981826
425.85170340681356,-4.38448747750232,-8.987561936344324,0.0,3.141592653589793,-0.0,1.116924380478342
426.8537074148296,-4.29421315155273,-9.031042764212312,0.0,3.141592653589793,-0.0,1.1269444205585035
427.8557114228457,-4.203507685043172,-9.0736168721069,0.0,3.141592653589793,-0.0,1.136964460638664
428.8577154308617,-4.112380184835424,-9.11527998557219,0.0,3.141592653589793,-0.0,1.1469845007188233
429.85971943887773,-4.020839800163587,-9.15602792161647,0.0,3.141592653589793,-0.0,1.1570045407989837
430.86172344689373,-3.928895721715537,-9.195856589132159,0.0,3.141592653589793,-0.0,1.1670245808791442
431.8637274549098,-3.8365571807101393,-9.234761989306572,0.0,3.141592653589793,-0.0,1.1770446209593048
432.8657314629258,-3.7438334479704483,-9.2727402160234,0.0,3.141592653589793,-0.0,1.187064661039465
433.86773547094185,-3.650733832992905,-9.309787456254892,0.0,3.141592653589793,-0.0,1.1970847011196255
434.86973947895785,-3.5572676830126735,-9.345899990444668,0.0,3.141592653589793,-0.0,1.2071047411997853
435.8717434869739,-3.4634443820651404,-9.381074192881186,0.0,3.141592653589793,-0.0,1.2171247812799457
436.8737474949899,-3.369273350043804,-9.415306532061747,0.0,3.141592653589793,-0.0,1.227144821360106
437.875751503006,-3.2747640417544783,-9.448593571047063,0.0,3.141592653589793,-0.0,1.2371648614402666
438.877755511022,-3.1799259459660414,-9.48093196780633,0.0,3.141592653589793,-0.0,1.2471849015204268
439.87975951903803,-3.084768584457751,-9.512318475552767,0.0,3.141592653589793,-0.0,1.2572049416005875
440.88176352705403,-2.989301511063273,-9.5427499430696,0.0,3.141592653589793,-0.0,1.2672249816807468
441.8837675350701,-2.8935343107114275,-9.57222331502644,0.0,3.141592653589793,-0.0,1.2772450217609075
442.88577154308615,-2.7974765984639127,-9.600735632286037,0.0,3.141592653589793,-0.0,1.2872650618410688
443.88777555110215,-2.701138018549949,-9.62828403220138,0.0,3.141592653589793,-0.0,1.2972851019212284
444.8897795591182,-2.6045282433979224,-9.654865748903116,0.0,3.141592653589793,-0.0,1.3073051420013886
445.8917835671342,-2.5076569726643525,-9.680478113577234,0.0,3.141592653589793,-0.0,1.317325182081549
446.89378757515027,-2.4105339322600035,-9.70511855473302,0.0,3.141592653589793,-0.0,1.3273452221617095
447.8957915831663,-2.3131688733734035,-9.728784598461228,0.0,3.141592653589793,-0.0,1.33736526224187
448.89779559118233,-2.2155715714918265,-9.75147386868248,0.0,3.141592653589793,-0.0,1.3473853023220304
449.89979959919833,-2.117751825419835,-9.773184087385797,0.0,3.141592653589793,-0.0,1.35740534240219
450.9018036072144,-2.019719456295443,-9.793913074857345,0.0,3.141592653589793,-0.0,1.3674253824823503
451.9038076152304,-1.9214843066041225,-9.813658749899247,0.0,3.141592653589793,-0.0,1.3774454225625108
452.90581162324645,-1.8230562391905794,-9.832419130038563,0.0,3.141592653589793,-0.0,1.3874654626426712
453.90781563126245,-1.724445136268529,-9.85019233172631,0.0,3.141592653589793,-0.0,1.3974855027228317
454.9098196392785,-1.6256608984285177,-9.866976570526585,0.0,3.141592653589793,-0.0,1.4075055428029921
455.9118236472945,-1.5267134436439096,-9.882770161295717,0.0,3.141592653589793,-0.0,1.4175255828831517
456.91382765531057,-1.4276127062750832,-9.897571518351455,0.0,3.141592653589793,-0.0,1.427545622963312
457.9158316633266,-1.3283686360720615,-9.91137915563218,0.0,3.141592653589793,-0.0,1.4375656630434734
458.91783567134263,-1.228991197175562,-9.924191686846086,0.0,3.141592653589793,-0.0,1.447585703123633
459.9198396793587,-1.1294903671165155,-9.936007825610394,0.0,3.141592653589793,-0.0,1.4576057432037934
460.9218436873747,-1.0298761358144053,-9.946826385580477,0.0,3.141592653589793,-0.0,1.467625783283954
461.92384769539075,-0.9301585045742318,-9.956646280568986,0.0,3.141592653589793,-0.0,1.4776458233641143
462.92585170340675,-0.8303474850823953,-9.965466524654897,0.0,3.141592653589793,-0.0,1.4876658634442739
463.9278557114228,-0.7304530984014754,-9.9732862322825,0.0,3.141592653589793,-0.0,1.4976859035244352
464.9298597194388,-0.6304853739642097,-9.980104618350312,0.0,3.141592653589793,-0.0,1.5077059436045948
465.93186372745487,-0.530454348566411,-9.985920998289892,0.0,3.141592653589793,-0.0,1.5177259836847552
466.93386773547087,-0.4303700653593673,-9.990734788134583,0.0,3.141592653589793,-0.0,1.5277460237649156
467.9358717434869,-0.33024257284146086,-9.994545504578138,0.0,3.141592653589793,-0.0,1.537766063845076
468.93787575150293,-0.23008192384931336,-9.997352765023239,0.0,3.141592653589793,-0.0,1.5477861039252356
469.939879759519,-0.1298981745484331,-9.99915628761992,0.0,3.141592653589793,-0.0,1.557806144005397
470.94188376753505,-0.029701383423660976,-9.999955891293856,0.0,3.141592653589793,-0.0,1.5678261840855574
471.94388777555105,0.07049838973078487,-9.999751495764551,0.0,3.141592653589793,-0.0,1.577846224165717
472.9458917835671,0.1706910848213072,-9.998543121553386,0.0,3.141592653589793,-0.0,1.5878662642458774
473.9478957915831,0.27086664246492237,-9.996330889981573,0.0,3.141592653589793,-0.0,1.5978863043260378
474.94989979959917,0.37101500499926143,-9.993115023157964,0.0,3.141592653589793,-0.0,1.6079063444061983
475.95190380761517,0.4711261174923543,-9.988895843956758,0.0,3.141592653589793,-0.0,1.6179263844863587
476.9539078156312,0.5711899287521486,-9.983673775985077,0.0,3.141592653589793,-0.0,1.6279464245665192
477.9559118236472,0.671196392335644,-9.977449343540442,0.0,3.141592653589793,-0.0,1.6379664646466787
478.9579158316633,0.7711354675576033,-9.970223171558134,0.0,3.141592653589793,-0.0,1.64798650472684
479.9599198396793,0.8709971204985433,-9.961995985548441,0.0,3.141592653589793,-0.0,1.6580065448069996
480.96192384769535,0.9707713250122675,-9.952768611523826,0.0,3.141592653589793,-0.0,1.66802658488716
481.96392785571135,1.0704480637323983,-9.942541975915995,0.0,3.141592653589793,-0.0,1.6780466249673205
482.9659318637274,1.170017329078168,-9.931317105482877,0.0,3.141592653589793,-0.0,1.688066665047481
483.9679358717434,1.2694691242591656,-9.919095127205539,0.0,3.141592653589793,-0.0,1.6980867051276407
484.96993987975947,1.3687934642790625,-9.905877268175036,0.0,3.141592653589793,-0.0,1.7081067452078018
485.9719438877755,1.4679803769380224,-9.89166485546922,0.0,3.141592653589793,-0.0,1.7181267852879623
486.9739478957915,1.5670199038339916,-9.876459316019487,0.0,3.141592653589793,-0.0,1.7281468253681218
487.9759519038076,1.6659021013625186,-9.860262176467518,0.0,3.141592653589793,-0.0,1.7381668654482823
488.9779559118236,1.7646170417150508,-9.843075063012007,0.0,3.141592653589793,-0.0,1.7481869055284427
489.97995991983964,1.863154813875726,-9.824899701245387,0.0,3.141592653589793,-0.0,1.7582069456086031
490.98196392785565,1.961505524616432,-9.805737915980583,0.0,3.141592653589793,-0.0,1.7682269856887636
491.9839679358717,2.0596592994900926,-9.78559163106779,0.0,3.141592653589793,-0.0,1.7782470257689242
492.9859719438877,2.1576062838220538,-9.764462869201335,0.0,3.141592653589793,-0.0,1.7882670658490838
493.98797595190376,2.2553366436995343,-9.74235375171658,0.0,3.141592653589793,-0.0,1.798287105929244
494.98997995991976,2.3528405669589,-9.71926649837695,0.0,3.141592653589793,-0.0,1.8083071460094045
495.9919839679358,2.4501082641708445,-9.695203427151064,0.0,3.141592653589793,-0.0,1.818327186089565
496.9939879759518,2.547129969623243,-9.670166953980013,0.0,3.141592653589793,-0.0,1.8283472261697256
497.9959919839679,2.6438959423016306,-9.644159592534798,0.0,3.141592653589793,-0.0,1.8383672662498858
498.99799599198394,2.7403964668672085,-9.617183953963952,0.0,3.141592653589793,-0.0,1.8483873063300464
500.0,2.836621854632263,-9.589242746631385,0.0,3.141592653589793,-0.0,1.8584073464102069
